USE recipe_db;

-- 1. Пользователи
INSERT INTO users (email, password_hash, display_name, bio) VALUES 
('chef@mail.ru', 'hash1', 'Гордон Р.', 'Люблю острое'), ('ma@pro.ru', 'hash2', 'Мария', 'Домашний уют'),
('pete@it.ru', 'hash3', 'Петр', 'Студент-повар'), ('olga@food.ru', 'hash4', 'Ольга', 'Веган рецепты'),
('ivan@dev.ru', 'hash5', 'Иван', 'Быстрые перекусы'), ('sasha@fit.com', 'hash6', 'Александр', 'ПП'),
('elena@bk.ru', 'hash7', 'Елена', 'Выпечка'), ('dima@uni.ru', 'hash8', 'Дмитрий', 'Бюджетно'),
('anna@sweet.ru', 'hash9', 'Анна', 'Торты на заказ'), ('max@chef.com', 'hash10', 'Максим', 'Гриль');

-- 2. Категории
INSERT INTO categories (name) VALUES 
('Завтраки'), ('Супы'), ('Салаты'), ('Выпечка'), ('Десерты'), ('Вегетарианские'), ('Мясные'), ('Напистки'),
('Паста'), ('Рыба'), ('Постные'), ('Быстро'), ('Детское'), ('На мангале'), ('Сезонные'), ('Праздничные');

-- 3. Ингредиенты
INSERT INTO ingredients (name) VALUES 
('Курица'), ('Яйцо'), ('Мука'), ('Сахар'), ('Молоко'), ('Картофель'), ('Лук'), ('Сыр'), ('Томаты'), ('Рис');

-- 4. Рецепты (разное время для проверки фильтров)
INSERT INTO recipes (author_id, title, description, cooking_time_minutes) VALUES 
(1, 'Омлет', 'Классика', 10), (2, 'Борщ', 'Сытно', 90), (3, 'Паста', 'Италия', 20),
(4, 'Салат', 'Легко', 15), (5, 'Стейк', 'Мясо', 15), (6, 'Блины', 'Утро', 25),
(7, 'Суп-пюре', 'Нежно', 35), (8, 'Плов', 'Восток', 60), (9, 'Кекс', 'Сладкое', 45), (10, 'Рагу', 'Овощи', 40);

-- 5. Ингредиенты в рецепте (на 1 порцию)
INSERT INTO recipe_ingredients (recipe_id, ingredient_id, quantity_per_portion, unit) VALUES 
(1, 2, 2.0, 'шт'), (2, 6, 3.5, 'шт'), (3, 3, 100.0, 'г'), (4, 9, 2.0, 'шт'), (5, 1, 250.0, 'г'),
(6, 5, 0.5, 'л'), (7, 6, 4.0, 'шт'), (8, 10, 200.0, 'г'), (9, 4, 50.0, 'г'), (10, 7, 1.0, 'шт');

-- 6. Категории рецепта
INSERT INTO recipe_categories (recipe_id, category_id) VALUES 
(1, 1), (2, 7), (3, 2), (4, 8), (5, 6), (6, 1), (7, 7), (8, 2), (9, 4), (10, 5);

-- 7. Фото рецептов (URL для карусели)
INSERT INTO recipe_photos (recipe_id, photo_url, is_main) VALUES 
(1, '/img/r1_1.jpg', 1), (1, '/img/r1_2.jpg', 0), (2, '/img/r2.jpg', 1), (3, '/img/r3.jpg', 1), (4, '/img/r4.jpg', 1),
(5, '/img/r5.jpg', 1), (6, '/img/r6.jpg', 1), (7, '/img/r7.jpg', 1), (8, '/img/r8.jpg', 1), (9, '/img/r9.jpg', 1);

-- 8. Шаги приготовления
INSERT INTO recipe_steps (recipe_id, step_number, instruction) VALUES 
(1, 1, 'Взбить яйца'), (1, 2, 'Пожарить'), (2, 1, 'Сварить бульон'), (3, 1, 'Отварить пасту'), (4, 1, 'Нарезать овощи'),
(5, 1, 'Обжарить мясо'), (6, 1, 'Замесить тесто'), (7, 1, 'Блендерировать'), (8, 1, 'Обжарить зирвак'), (9, 1, 'Выпекать 40 мин');

-- 9. Подписки на авторов
INSERT INTO subscriptions (follower_id, author_id, is_notified) VALUES 
(2, 1, 1), (3, 1, 1), (1, 4, 0), (5, 2, 1), (6, 10, 1), (7, 9, 1), (8, 7, 0), (9, 1, 1), (10, 5, 1), (4, 3, 1);

-- 10. Избранное
INSERT INTO favorites (user_id, recipe_id) VALUES 
(1, 3), (1, 5), (2, 1), (3, 2), (4, 10), (5, 6), (6, 4), (7, 9), (8, 8), (9, 7);

-- 11. Комментарии к рецептам
INSERT INTO recipe_comments (user_id, recipe_id, comment_text) VALUES 
(2, 1, 'Вкусно!'), (3, 1, 'Слишком солено'), (1, 2, 'Как у мамы'), (4, 3, 'Топ!'), (5, 4, 'Ок'),
(6, 5, 'Сочно'), (7, 6, 'Сложно'), (8, 7, 'Не очень'), (9, 8, 'Класс'), (10, 9, 'Супер');

-- 12. Отзывы об авторах
INSERT INTO author_reviews (reviewer_id, author_id, review_text) VALUES 
(2, 1, 'Лучший шеф'), (1, 4, 'Хорошие рецепты'), (3, 2, 'Понятно пишет'), (5, 6, 'Круто'), (6, 7, 'Профи'),
(7, 8, 'Норм'), (8, 9, 'Сладко'), (9, 10, 'Мастер гриля'), (10, 1, 'Легенда'), (4, 2, 'Советую');

-- 13. Планировщик меню
INSERT INTO menu_planner (user_id, recipe_id, planned_date, portions) VALUES 
(1, 1, '2026-03-10', 2), (1, 3, '2026-03-10', 1), (2, 2, '2026-03-11', 4), (3, 5, '2026-03-12', 1), (4, 4, '2026-03-10', 2),
(5, 6, '2026-03-13', 3), (6, 7, '2026-03-10', 1), (7, 8, '2026-03-14', 2), (8, 9, '2026-03-15', 1), (9, 10, '2026-03-10', 5);